698865011	0	Dive Watches
371610011	0	Christmas
405574011	0	Luxury Watches
377110011	378516011	Watches
378526011	698865011	Sport Watches
378521011	0	Casual Watches
2226255011	2205641011	Unlaunched Refinements
379301011	0	Chronograph
2205643011	2205718011	Dial Color (feature_seven_browse-bin)
379318011	0	Water Resistant
2205641011	2205710011	Case Diameter (size_browse-bin)
379277011	0	Kids'
379280011	2205785011	Watch Feature (feature_two_browse-bin)
378516011	378526011	Categories
379289011	0	Resin
2205646011	2205665011	Watch Band Width (feature_five_browse-bin)
379280011	379318011	Watch Feature (feature_two_browse-bin)
371621011	0	Valentine's Day
386697011	379278011	Browse Refinements
2235330011	373056011	Fresh Flowers & Indoor Plants (3745171)
379312011	0	Alarm
2205665011	2205679011	10 to 19 mm
2235331011	371600011	Furniture & Décor (1057794)
373056011	373061011	Occasions (feature_browse-bin)
2205679011	0	18 mm
1055398	15891341	Home & Garden
2226255011	2205646011	Unlaunched Refinements
378516011	379246011	Categories
386697011	379280011	Browse Refinements
386697011	379277011	Browse Refinements
2234517011	2235331011	Category Specific Refinements
3375251	219890011	Karen S. Shyers
371600011	371603011	Furniture & Décor Occasions (feature_browse-bin)
379277011	379281011	Gender (target_audience_browse-bin)
2205786011	0	Timer
384777011	0	Men
2205710011	0	40 to 49 mm
371612011	0	Father's Day
378520011	386697011	Refinements
2234517011	2235330011	Category Specific Refinements
371609011	371612011	Holidays
379278011	379289011	Watch Band Material (material_browse)
384760011	384777011	User (target_audience_browse-bin)
2205665011	2205677011	10 to 19 mm
378516011	378521011	Categories
379281011	0	Men's
2205785011	0	Stop Watch
371600011	371609011	Furniture & Décor Occasions (feature_browse-bin)
386588011	384760011	Browse Refinements
371608011	0	Graduation
2205718011	0	Black
371609011	371610011	Holidays
2205677011	0	16 mm
377110011	378518011	Watches
379246011	0	Watch Bands
2226255011	2205643011	Unlaunched Refinements
371609011	371621011	Holidays
379280011	2205786011	Watch Feature (feature_two_browse-bin)
371600011	371608011	Furniture & Décor Occasions (feature_browse-bin)
15891341	2234517011	Refinements
378520011	2226255011	Refinements
219890011	386588011	Refinements
379280011	379301011	Watch Feature (feature_two_browse-bin)
377110011	378520011	Watches
371603011	0	Birthday
379280011	379312011	Watch Feature (feature_two_browse-bin)
373061011	0	Birthday
378518011	405574011	Specialty Stores
