589313011	616871011	Browse Refinements
301187	14001751	Cell Phones with Service
14001751	1200634	Prepaid
301330	0	Kyocera
403835011	0	Everything Else
668706011	0	GSM 900/1800/1900
1245886011	1245892011	Phone Features (feature_five_browse-bin)
283273011	283274011	Unlocked Phones
283287011	283294011	By Type
172606	0	VoIP
283289011	0	Camera
1079726	1079730	Target
1245887011	0	Bluetooth
15786581	1232381011	Refinements
295859011	0	Teen Girl (13-17)
408234	301187	Categories
1245886011	1245888011	Phone Features (feature_five_browse-bin)
408234	301188	Categories
508494	754528	Special Features
1200634	0	Virgin Mobile
301366	1067706	Type
301185	508494	Cell Phones & Service
589313011	603002011	Browse Refinements
301185	388190011	Cell Phones & Service
1245886011	1245887011	Phone Features (feature_five_browse-bin)
172282	15786581	Electronics
283288011	0	Bluetooth
283291011	0	MP3
301187	465604	Cell Phones with Service
301185	551318	Cell Phones & Service
388190011	589313011	Refinements
295858011	0	Teen Boy (13-17)
172574	172606	Office Electronics
293862011	295855011	Wireless Accessories Gifting Store
1067706	0	All
301188	283273011	Accessories
589313011	589314011	Browse Refinements
283287011	283289011	By Type
551318	251275011	Specialty Stores
1079730	240560011	Categories
240567011	0	Home Office Electronics
603002011	603004011	Unlocked Phone Features (feature_three_browse-bin)
589314011	589315011	Compatibility (feature_two_browse-bin)
603009011	0	Video
408234	403835011	Categories
465604	0	Flip
1245893011	0	Video
283287011	283291011	By Type
283287011	283288011	By Type
1245719011	0	2005
603002011	603003011	Unlocked Phone Features (feature_three_browse-bin)
616871011	668706011	Frequency (feature_browse-bin)
251275011	293862011	Custom Stores
172282	493964	Electronics
603004011	0	Camera
301216	301330	Manufacturers
603008011	0	Slider
1245718011	1245719011	Update Year
283294011	0	Video
1245892011	0	Slider
1232381011	1245718011	GPS Units
301187	301366	Cell Phones with Service
388190011	1245886011	Refinements
283274011	283278011	By Frequency
283273011	283287011	Unlocked Phones
603002011	603009011	Unlocked Phone Features (feature_three_browse-bin)
603003011	0	Bluetooth
295855011	295859011	For Kids & Teens
754528	0	Hot New Products
301185	408234	Cell Phones & Service
1245886011	1245893011	Phone Features (feature_five_browse-bin)
240560011	240567011	Electronics
283278011	0	GSM 900-1800-1900
589315011	0	Sony Ericsson
603002011	603008011	Unlocked Phone Features (feature_three_browse-bin)
301187	301216	Cell Phones with Service
295855011	295858011	For Kids & Teens
1245888011	0	Camera
493964	172574	Categories
